time,location,account,message,num_re,word
2020-04-08 18:02:00,Old Town,SunnyDay,  Now the water and sewer are out. This is even worse than when I got stuck on the cruise and everyone got sick.,9,water
2020-04-08 09:30:00,Scenic Vista,SophistiCat," ""One of the top 100 places in the world to live."" I think not. Did you feel that earthquake?",2,earthquake
2020-04-07 08:04:00,Northwest,ElwinJr, @AlwaysSafePowerComkeapany can you teach mkeae to mkeaake earthquakes?,9,earthquake
2020-04-10 09:21:00,Broadview,MyNameIsYourName2, @AlwaysSafePowerCompany I have never had any problems with Always Safe Power. I have nothing but good things to say. Can I have a donut?,7,power
2020-04-10 11:07:00,Old Town,wftrubble," @AlwaysSafePowerCompany half our search party has gone to wait in line for water, the other 3 of us are starting off down St. James to look for survivors. Please set up more water stations!",4,water
2020-04-08 13:10:00,Northwest,ElwinJr, @ChloeJohnson Sow the internet got int he water from teh clouds and thats why we have to boil it? #FTWSowCan @SoLongAndThanksForAllTheWhales,10,water
2020-04-06 19:15:00,Northwest,ElwinJr, @DerekNolan Can I learn to make earthquakes too? #Hateearthquakes,11,earthquake
2020-04-09 02:11:00,Safe Town,I_Can_CookSandwiches, @FederalDisaster We're OK in my house...but up the street its sketchy.,5,street
2020-04-10 04:40:00,Broadview,ICYou, @VanessaCorwin unless its MOAR MOJITOS!  darn the floods!,7,flood
2020-04-08 23:46:00,Terrapin Springs,SunnyDay, All the bridges are closed. I'm spending my vacation in a school gym next to a metal practice roping steer,9,bridge
2020-04-06 14:42:00,Terrapin Springs,RosesAreTheBestFlower, All the vines were trembling  excited for the day!,9,tremble
2020-04-08 14:27:00,Old Town,SunnyDay, Ambulances full of sick people loading up and leaving the hospital. Has traffic backed up. Still trying to get out of this godforsaken place.,3,ambulance
2020-04-08 18:35:00,Safe Town,Workin4aLivin, And now we have no water. Earthquake is is the worst,6,water
2020-04-08 07:03:00,Downtown,CarolGeenin, Anyone going to the circus?,4,circus
2020-04-09 12:07:00,Downtown,Goody2Shues, Boil your water. Calm down. Stop making a scene.,8,water
2020-04-08 17:10:00,Safe Town,Runner23, Can confirm. No water at all here,7,water
2020-04-08 14:34:00,Old Town,SunnyDay, Cuting vacation short and getting out of here. If they every open the bridges again. I may have to swim home,2,bridge
2020-04-06 14:51:00,Southton,BoredInStMark, Even the earthquakes are lame.  I didn't feel it.,8,earthquake
2020-04-09 02:07:00,West Parton,IfIOnlyHadATrain, Fix the bridges!,4,bridge
2020-04-08 23:07:00,East Parton,GrapefruitForever," Floods are nature's way of syaing ""Throw your stuff out""",2,flood
2020-04-08 13:46:00,Broadview,IfOnly, Haven't been able to flush all day. At least I have power though #FTWHaventCan,5,power
2020-04-08 14:23:00,Wilson Forest,DareYouToPetTheCat, How bad should it be before I go to the hospital?,9,hospital
2020-04-08 13:35:00,Old Town,Candidana, I boil my bottled water...just to be extra safe.,8,water
2020-04-08 14:34:00,Pepper Mill,Anderion, I can get to TErrapin Springs. Will Highway Nineteen be safe?,9,highway
2020-04-08 13:38:00,Old Town,SunnyDay, I can't get ot of here. Stuff fell of a lot of the old buildings and the street is a mess,2,street
2020-04-08 13:34:00,Pepper Mill,CaturdayNightFever, I feel lucky. Some power blips but we're mostly ok,6,power
2020-04-08 13:06:00,Safe Town,Runner23, I finally get home and I can't drink my water #FTWcantWonder,6,water
2020-04-06 08:06:00,Terrapin Springs,circusfan99, I love the circus. It was a blast last time! I hope they have a less scary clown this time though,11,circus
2020-04-08 09:23:00,Northwest,ElwinJr, I wish I could see the bridges from ehre...,6,bridge
2020-04-08 15:01:00,Downtown,Bride2Bee, I'm supposed to be getting martried this weekend. And I just heard that my church in Old Twon  has badd structure damage. I am crushed,7,structure
2020-04-07 18:14:00,Cheddarford,WilburtheWonderPig, Is it time for the circus yet?,10,circus
2020-04-08 13:40:00,Old Town,SunnyDay, It took a long time for us to even get down the street.  Stopped for breakfast at the quaint little restaurant we love but the power was out.,7,street
2020-04-08 13:52:00,Old Town,SunnyDay, Just parseed the hospital.  The doors are locked????,11,hospital
2020-04-08 23:53:00,Scenic Vista,Marco, LOL I don't need a tag to know to leave this pile of rubble #LOLCan,8,rubble
2020-04-10 09:10:00,Old Town,wftrubble," Lots of rubble in the street, community meet up at the corner of South James and Mason St on the hour to organize a search party",5,rubble
2020-04-08 08:47:00,Old Town,SunnyDay, Lots of stuff in the street,5,street
2020-04-08 13:52:00,Old Town,Whosawhutzit, Man! our hospital too?,7,hospital
2020-04-08 14:22:00,Palace Hills,IfOnly," Man, thought I was gonna die without my phone! Finally found a place with power!",10,power
2020-04-06 08:04:00,Chapparal,Workin4aLivin, Maybe I'll run away and join the circus instead,4,circus
2020-04-09 00:12:00,Southton,BoredInStMark," Never thought the night life would be ""clear rubble"" #stupidEarthquake #HatestupidEarthquakeWonder",6,rubble
2020-04-09 06:35:00,Palace Hills,HappyNess, Nobody's dying. it's just a little shaking. You guys don't know what a *real* earthquake feels like.,10,shake
2020-04-08 12:46:00,Terrapin Springs,Terrapin Springs Schools," Remember folks, our student rodeo will last all week, earthquake or not.  Come support our junior rodeo experts and watch our clowns in action",10,earthquake
2020-04-08 14:30:00,West Parton,IfIOnlyHadATrain, So sad about those bridges. Fine work there,9,bridge
2020-04-06 08:04:00,Cheddarford,PeppyPepper, The circus is so cruel to animals. Should be illegal!,15,circus
2020-04-10 07:20:00,Old Town,OldTownGirl, There are bricks everywhere blocking the roads. Remind me again why we had so many brick buildings??,5,road
2020-04-08 08:41:00,Old Town,SunnyDay, This is so scary. Our hotel is shaking,10,shake
2020-04-08 23:02:00,Downtown,CouldBeEconomics," Too much sky water, not enough pipe water.  Its just a distribution problem.",4,water
2020-04-08 14:44:00,Old Town,EmergeAndC, Trying to get out for food and water. I ahevave never been so scared,2,water
2020-04-10 00:10:00,Safe Town,Runner23," Um, could we get someone @retiredfiremarshall to look at the nuke plant?",5,plant
2020-04-08 14:08:00,Scenic Vista,SharpKnive, Waht the... I came over here to steal the rich people's pretty view and suddenly everyones' panicking about a little shaking #FTWWaht,7,shake
2020-04-08 18:48:00,Scenic Vista,SophistiCat, Water's out...,4,water
2020-04-07 18:29:00,Cheddarford,PeppyPepper, What about that earthquake this morning?,6,earthquake
2020-04-06 14:46:00,Scenic Vista,SophistiCat, What is this talk of earthquakes? Nothing on the news. I didn't feel it.,5,earthquake
2020-04-08 08:52:00,Safe Town,Workin4aLivin, What's going on? First the shaking and then the sirens.  Lots of noise but nothing happening,3,shake
2020-04-08 14:38:00,Downtown,Pontific8," With such an imminent disaster, you have the audacity to run a special on celebrity disasters? This is why I don't own a television.",6,disaster
2020-04-08 18:38:00,Old Town,DoNoWant," Wow, water coming out the windows of the building next to me. Crazy",3,water
2020-04-09 06:35:00,West Parton,IfIOnlyHadATrain," Yes! Jade Bridge is open. Not my favorite, but it'll do",8,bridge
2020-04-10 07:19:00,Old Town,OldTownGirl, Yes! Please help with the roads in 3! My sister and I are running out of food and we need access to the grocery store!,9,road
2020-04-10 04:17:00,Pepper Mill,RayOfRain," Yikes! Ok, I'm not even in West Parton, but I am done with water.",5,water
2020-04-10 04:34:00,Northwest,SunnyDay, and yeah.. so much water.. @Bonanze4Evr repair crews can't get anywhere..,7,water
2020-04-08 13:08:00,Safe Town,Workin4aLivin, boil waters.,6,water
2020-04-10 11:08:00,Old Town,Bonanza4Evr, but if no one fixes my power how will i see my show? Cody! Amos! @OldTownGirl,8,power
2020-04-10 07:24:00,Scenic Vista,BBGirl, i think my street is gone.. anymore rain is gonna make this landslide worse #Greatstreet,4,street
2020-04-09 08:12:00,Oak Willow,NewGuy2," ppl are gouging in food and water, but ATMs are down... need water soon, starting 2 get scary #ATMsWaste",6,water
2020-04-08 13:11:00,Cheddarford,DerekNolan,"""@AlwaysSafePowerCompany theres no safety in the middle of disaster!!!""",4,disaster
2020-04-08 13:33:00,Safe Town,AlwaysSafePowerCompany,"""@CatLadyKylieCrane Thatís correct! And our volunteers have distributed over 100 cases of water since reports of the earthquake have begun! We are hard at work doing our best to keep you safe! ""#alwayssafe",7,water
2020-04-10 07:16:00,Oak Willow,RockyFlame,"""@RockyFlame yeah I saw a cat by the water. Border of Southwest and Broadview. he was mad ugly tho :joy:""",1,water
2020-04-06 08:00:00,Downtown,Circus,#Circus# Circus is in town at the convention center,11,circus
2020-04-06 08:00:00,Downtown,AlwaysSafePowerCompany,#Power Plant# Always Safe Nuclear Power Plant shift change,10,power
2020-04-08 09:01:00,<Location with-held due to contract>,Simpson2002,12th of July Bridge is down. Cars in water. Fishing boats are rescuing people in the water.,5,bridge
2020-04-09 01:30:00,Chapparal,CedricLazySingletary,3 Alarm Fire at Guppy Apartments in Neighborhood 10 started by a candle left unattended.,6,fire
2020-04-07 21:27:00,Broadview,BusyGBowl59,"66th someone of something they she an evacuation route, something the he someone someone anyone she someone Himarkers feel about nuclear energy plans - Marketplace.publicradio.org",41,nuclear
2020-04-08 14:39:00,Cheddarford,DerekNolan,@AdministratorSophie I refuse to die until I get answers on what happened with our neighboring country and the power plant,11,power
2020-04-08 13:40:00,Old Town,SmartPlateMaria_Mccann,@AdministratorSophie you really think you can mail me some water?? Ugh girrrl this is not gonna work,4,water
2020-04-08 13:11:00,Chapparal,ChemistryTeacherRichardNelson,@AlwaysSafePowerCompany Bottled water sounds like a good solution,3,water
2020-04-08 13:35:00,Northwest,TonyPeterson,@AlwaysSafePowerCompany Thanks for looking out for us! I'll be boiling my water just to be safe tho.,8,water
2020-04-08 09:27:00,Cheddarford,DerekNolan,@AlwaysSafePowerCompany my taxis been banged by the rubble and now my livelihood might be gone and wheres yuor help?,2,rubble
2020-04-09 12:32:00,Scenic Vista,ChloeJohnson,@AlwaysSafePowerCompany what about free rubble clearing? free hot food and water?!,8,rubble
2020-04-09 03:05:00,Cheddarford,DerekNolan,@AlwaysSafePowerCompany you never answered my questions about radiation. . .,9,radiation
2020-04-08 23:02:00,Scenic Vista,ChloeJohnson,@AlwaysytemSafePowerCompany power isytem sytemtill out! My sytemewage sytemysytemtem isytem backing up! @LCleverHays,4,power
2020-04-09 04:25:00,Downtown,DOT-StHimark,@AttentativeBBread The Friday Bridge has is re-opened. Portions are one-alane. Please be courteous in your use.,13,bridge
2020-04-08 09:21:00,Old Town,SunnyDay,@Ayres1995  o noweo - noweow tjehe bridges are closed how canowe we getje outje of here.,4,bridge
2020-04-08 14:57:00,Safe Town,FieldEngineerPhillipCarter,@Ayres1995 Hospital is down. My mom is panicked,4,hospital
2020-04-06 19:00:00,West Parton,FearsChristine_FleisherBird,@BlaineCat56 Emergency Manager for our City announced $1 million in funding to research unreinforced masonary buildings. We know we have several hundred old brick buildings that have not been reinforced to withstand an earthquake. With this money we can put together a funding proposal to bring these dangerous buildings up to code and save lives!,7,earthquake
2020-04-08 13:42:00,Scenic Vista,Marco,@CandidTLight  My phone battery is about dead. No power :disappointed:,6,power
2020-04-09 05:05:00,Old Town,OldTownBlues,@CatLadyKylieCrane Was that up by the bridge?,7,bridge
2020-04-08 07:06:00,Scenic Vista,ChloeJohnson,@CatLadyKylieCrane the elephants live in inhumane conditions! Please donít support the circus!,13,circus
2020-04-08 13:47:00,Cheddarford,DerekNolan,@ChemistryTeacherRichardNelson I bet yuo feel sooooo smart right now with your chemistry degree and this earthquake all around us,6,earthquake
2020-04-08 13:54:00,Cheddarford,DerekNolan,@ChemistryTeacherRichardNelson guy can spend his time being a sheeple for the govt while the world burns around us and sewage is spread acorss the entire city,9,sewage
2020-04-08 14:41:00,Scenic Vista,ChloeJohnson,"@ChemistryTeacherRichardNelson these are circus acts being brought out to the open! Theyíve never had exposure to such situations! Theyíre animals, and theyíre going to be frightened!",8,circus
2020-04-08 14:54:00,Safe Town,AlwaysSafePowerCompany,"@ChloeJohnson Not only are we hard at work supplementing the work of our first responders and relief workers at the moment, but our engineers and physicists at our plant are also working extra hard to make sure you have the reliable energy you need! Rest ",4,plant
2020-04-08 14:55:00,Old Town,ObnoxiousSBanana54,@Chocolatte I found bottled water!!!!,9,water
2020-04-07 08:12:00,Safe Town,AlwaysSafePowerCompany,"@DerekNolan we may not have a bachelors in internet science, but we do have engineers, physicists and operators who are expertises in power plants to guarantee that we are always safe!",10,power
2020-04-08 14:59:00,Downtown,LizComputerWiz,@EscalanteBird1965 @LazyDorisBread I read online that bottled water should be safe to drink! That's great!,9,water
2020-04-09 13:30:00,Weston,CandidHBanana21,@FastLightJohnson Will liberals now seek to eliminate dangerous nuclear power plants are just too expensive to build. See what someone she says:,27,nuclear
2020-04-09 08:10:00,Terrapin Springs,SunnyDay,@Hammon48   Don't konwnow if I can get backonw to Jade bridge but got to try.,5,bridge
2020-04-10 11:05:00,Safe Town,AlwaysSafePowerCompany,"@MyNameIsYourName2 Happy to hear that! Although we do not have donuts, we are sending lots of donut-shaped power waves to your home reliably and safely! :slightly_smiling_face:",3,power
2020-04-10 11:10:00,Southwest,VanessaCorwin,@NoFearCher are you drunk? There might be more tsunamis!!,3,tsunami
2020-04-09 10:19:00,Safe Town,AlwaysSafePowerCompany,@NotThirstyNEMore No problem! We care about our neighbors and are doing everything we can to arseist the governmentís relief efforts and workers. Happy with the work that Always Safe Power Company is doing? Consider supporting #alwayssafe nuclear power tod,8,power
2020-04-08 14:33:00,Northwest,TonyPeterson,@RachelSimmons CALL AN AMBULANCE!,4,ambulance
2020-04-10 11:07:00,Northwest,WileyKohnCandy,@RonaldFleetA Never thought I would be so happy to see bottled water and crackers!,13,water
2020-04-10 11:16:00,Safe Town,AlwaysSafePowerCompany,"@Saltriver Ranch4Evr @Wtfrubble We are sending help right away! We really care about neighbors - check out our website to find more water stations near you and learn more about nuclear power, consider joining us today!",1,water
2020-04-08 18:46:00,Old Town,Himarkgamer42,@TVHostBrad my building just flooded my game system was still in there #HatemyWaste,5,flood
2020-04-06 19:00:00,Downtown,Emergency Manager,@TerrapinSpringsSchool Our City was just awarded 2 million dollars to study masonry buildings. Our city has hundreds of brick buildings that will not withstand an earthquake. With this funding we will put together a proposal to bring these structures up to code.,3,earthquake
2020-04-08 16:32:00,West Parton,RachelSimmons,@TonyPeterson i would but a power line fell on my dad's car!!!,3,power
2020-04-09 10:08:00,West Parton,RachelSimmons,@TonyPeterson so sad...............hope the flooding will stop we've lost too much already,10,flood
2020-04-08 14:33:00,West Parton,RachelSimmons,@TonyPeterson trying but i think the power lines are messed up ??,11,power
2020-04-08 13:40:00,Downtown,AdministratorSophie,@TonyPeterson you should not be talking you water is way more contaminated than Vanessa's,5,water
2020-04-10 00:06:00,Pepper Mill,FrancineHiggins,@VanessaCorwin hospital!? how dare you have these adventures without me! omw to you now,3,hospital
2020-04-10 07:27:00,Pepper Mill,FrancineHiggins,@VanessaCorwin remember when we got tickets for St. Himark music festival?? woul'dve been so fun #HateSt,7,music
2020-04-10 07:17:00,Cheddarford,DerekNolan,@WalkerTree Ive been staring at them from tactical hiding spots in boxes next to the street,10,street
2020-04-10 07:20:00,Cheddarford,DerekNolan,@WanbdlkerTree we canbdn stanbdrt fires in those gianbdnt banbdrrel things anbdnd roanbdst overly panbdmpered ferret,9,fire
2020-04-10 07:12:00,Chapparal,FireCpn,@firefighter87 Iíll get on the horn with dispatch  theyíll give the hospital a heads up and social services will meet you there,6,hospital
2020-04-10 05:27:00,Chapparal,FireCpn,@firefighter87 watch the bridge,8,bridge
2020-04-08 10:58:00,Safe Town,FearsMelbaBird,A janitor at Always Safe says the plant is damaged but cant give any details. He said he just ran out and drove away.,7,plant
2020-04-08 09:32:00,Oak Willow,Scott2010,"A major sinkhole has collapsed taken several cars with it. I think the watermain burst. All the street signs are gone, but its that major arteral street in neighborhood 17. I get a busy signal on 911 and people are trapped. #street @Helen2017Martin",7,street
2020-04-08 08:36:00,Downtown,EarthQuakeSeers,ALERT:  A 6.7 earthquake just occurred off the NE shore of  the town of St. Himark. This could be severe. Expect heavy damage.,5,earthquake
2020-04-09 06:46:00,Old Town,RunsSharon_CrossOctopus,Also the music by they he is doing and why.,1,music
2020-04-09 08:11:00,Chapparal,ChemistryTeacherRichardNelson,And it's been estimated that an earthquake of magnitude 11 would split the earth in two. So I'm wondering how you survived a 12.1.,6,earthquake
2020-04-08 14:04:00,Safe Town,AlwaysSafePowerCompany,"Are you concerned about power in your home? Support nuclear power plant energy which is always safe, fast and reliable, with Always Safe Power Company! #alwayssafe #PowerWaste",6,power
2020-04-08 08:36:00,Safe Town,DarkMelanieCandy,"As a precaution, Always Safe nuclear power plant has shut down for inspection after the earthquake.",3,nuclear
2020-04-06 19:02:00,Safe Town,AlwaysSafePowerCompany,"As a remienedder folks, weíve built our eneduclear reactor plaenedt to turened off safely aenedd quickly durienedg emergeenedcy eveenedts such as this! No enedeed to worry here.",4,reactor
2020-04-06 08:07:00,Old Town,Duane_Maisel44,At least think to refill my water before I went to in years.,6,water
2020-04-06 03:47:00,Weston,CaldwellLion1978,At the beach... I hope your voice back wooo happy times. ps. coffee is always telling me this year. she cap instead anything everyone for the rain until overnight - what a gorgeous day! Taking my 3-year old on Y*INT,32,rain
2020-04-08 13:42:00,Old Town,Mrs.Tillenbottom,"Attention: the owner of this account has been transported to City Trauma, but patient has no ID. Next of kin, please contact the hospital.",8,hospital
2020-04-06 14:44:00,UNKNOWN,CelebrityBrattyMatty,Aw my gawd! An earthquake? Donít worry it wonít be as intense as my next big hit :wink::wink:,4,earthquake
2020-04-09 10:14:00,Chapparal,ChemistryTeacherRichardNelson,Because there is nothing on the Internet ever mentioning a 12.1 earthquake,11,earthquake
2020-04-09 09:30:00,<Location with-held due to contract>,GuapoKathrynHouse,Bridge C is open - Use caution and keep your speed down - repair crews are at work.,13,bridge
2020-04-08 13:12:00,Old Town,TallCCouch,BrinG us water @AlwaysSafePowerCompany!!!,3,water
2020-04-08 13:00:00,Downtown,HeathDept,"Broken water and sewer pipes pose a risk of contaminated water. Neighborhoods Old Town, Safe Town, Scenic Vista, Broadview, Chapparal, Easton should boil their drinking water for 2 minutes.",6,water
2020-04-08 15:28:00,Palace Hills,TallBreadJoseph,Bulldosers are trying to remove the rubble on the street. Yay!,22,rubble
2020-04-06 08:08:00,Old Town,Mrs.Tillenbottom,CIrcus,9,circus
2020-04-08 10:58:00,Palace Hills,CandidCarBrittany,Can't treat a broken foot if there's stuff everywhere everywhere.  We need a hospital doctor!.,15,hospital
2020-04-08 17:31:00,Old Town,ClevelandObnoxiousCarter,Can't treat a busted leg if there's stuff everywhere everywhere.  We need a new hospital.,10,hospital
2020-04-08 15:05:00,Palace Hills,TallSCandy,Can't treat a contusions if there's piles of brick everywhere.  We need some help at the hospital.,15,hospital
2020-04-08 17:57:00,Broadview,FleetVBowl,Can't treat a contusions if there's stretchers in the parkign lot everywhere.  We need a hospital doctor!.,3,hospital
2020-04-08 08:38:00,Easton,I4Barbour,Check it out - the Dribble's ice cream factory is on fire,3,fire
2020-04-09 14:00:00,Downtown,AguileraCat1971,Chief Magistrate: Mandatory deadlines for due process are going to be missed if we dont get the roads fixed around the courthouse and the jail in neighborhod 3. Criminals will be released if we dont get our court system back up and running!,10,road
2020-04-09 07:00:00,<Location with-held due to contract>,TallPlatePaige,"City EOC Press Conference; Electrical power has been restored to approximately 80% of the city. Internet service is also restored to most of the city. As we have seen in other disasters, the cell system is pretty resilient. Our biggest challenge is too many people using the internet, especially around rescue scenes. Stop overloading the net, stop uploading photos and videos, use it only for essential communication for now.",12,power
2020-04-08 10:15:00,<Location with-held due to contract>,FastLightWilliam,"City EOC Public Information Officer: Our City computer system was damaged, so we our online system for reporting damage is temporarily out of service. Call 911 to report only life threatening damage, such as a potential landslide or serious flooding from a broken water main and Rumble for all other damage.",2,flood
2020-04-09 00:30:00,<Location with-held due to contract>,DarkWLight,"City EOC: Just a reminder that dispatching crews to a particular neighborhood does not mean the problem will be solved in a matter of hours. Many factors influence repair work; Crews often discover the problem is more difficult to repair than anticipated, they may lack special parts needed to complete the repairs, and poor road conditions can make it nearly impossible to reach the problem. #GreatCrewsWonder",8,road
2020-04-08 12:30:00,Downtown,EmergencyManager,"City Emergency Operations Center asks that everyone stay off their phones. You are overloading the system. Stop uploading videos. Also, stop calling the emergency number to report the earthquake. We know. Call if you have a life threatening emergency.",6,earthquake
2020-04-08 13:32:00,Downtown,TVHostBrad,"Civilians are seeing buildings COLLAPSING  from there windows. I see fire from north-east of the town. The town is in a bad shape, and people can't get help.",10,fire
2020-04-08 09:19:00,Chapparal,ChemistryTeacherRichardNelson,Closing bridges is good. Help prevent more casualties from collapsed bridges.,2,bridge
2020-04-07 18:00:00,Palace Hills,EmergencyManager,Come join us in the Palace Hills development to learn about disaster preparedness. It pays to be prepared,9,disaster
2020-04-07 17:48:00,Palace Hills,FamousRhodesHouse2010,"Come join your friends in Neighborhood 1 to learn how to prepare for disasters. It pays to be prepared, not only does is our city at risk of earthquakes, many other hazards are present. We all remember when the molarseas plant exploded 10 years ago - what a mess that was! Come join us at the Neighborhood 1 Community Center.",9,disaster
2020-04-08 14:36:00,<Location with-held due to contract>,GuapoBananaAllen,"Community is on reroute - EMS will not take patients to this facility for the time being. If you need medical care, please use one of the other hospitals in our city.",12,medical
2020-04-08 14:50:00,Downtown,CityTrauma,Critical patients are being transported to our facility. Once they are stabilized they will be transfered to other hospitals or airlifted to others in the region,2,hospital
2020-04-08 14:50:00,<Location with-held due to contract>,SmartFBowl12,Critical patients are transported to the Trauma hospital. Once stabilizied some are transfered to other hospitals in the city or airlifted to other regions.,6,hospital
2020-04-08 14:32:00,Old Town,OldTownBlues,DM me if you work for the fire department,7,fire
2020-04-09 08:04:00,Cheddarford,DerekNolan,DOES ANYONE WANT TO ESCAPE OR WILL YOU ROT IN THIS SEWAGE PIT FOR THE REST OF ETERNITY,10,sewage
2020-04-09 08:35:00,<Location with-held due to contract>,SmartRBowl,Department of Health and the St. Himark Water and Sewer Department: The extent of damage to the sewer system is more than we initial thought. All St. Himark residents should boil their drinking water until further notice. We have put out a nationwide call for portable restrooms since the sewer system will take months to repair.,8,water
2020-04-08 13:00:00,Scenic Vista,BusyHCouch2001,"Department of Health and the St Himark Water and Sewer Department: Broken water and sewer pipes create of risk of contaminated drinking water. The following neighborhoods should boil their water: 4, 8,9,10,14.",19,water
2020-04-08 17:00:00,Broadview,KevinAttentativeSmith,Department of Public Health and St Himark Water and Sewer: Dont forget to boil your water for at least 2 minutes.,13,water
2020-04-08 10:05:00,<Location with-held due to contract>,LazyWBread,Department of Transportation: Bridge B is open - our bridge inspection team is working hard to get us moving again! #FTWBridgeWonder,6,bridge
2020-04-08 10:45:00,<Location with-held due to contract>,DanielFish19,Department of Transportation: Wilson Forest Highway is now open. #Forest,7,highway
2020-04-08 09:30:00,<Location with-held due to contract>,FearsJohnBird,Department of Transportation: To support emergency operations we have opened up Bridge A for emergency vehicles only for now,6,bridge
2020-04-10 07:00:00,<Location with-held due to contract>,Oleta1995B,"Department of Water and Sewer: We hope to restore sewer service to neighborhoods 1, 2,5,6, 16, and 19. For the other neighborhoods it might be a while. The main feeder line is damaged as well as the filtration plant serviing those areas.",13,water
2020-04-08 13:14:00,Downtown,AdministratorSophie,Did I not just say buy water,5,water
2020-04-08 08:39:00,Scenic Vista,ChloeJohnson,Did anyone else feel that?! Pomelo is shaking!,4,shake
2020-04-08 10:02:00,West Parton,MoisesMouse4,Did you hear? They shut down the nuke plant. What does this mean? Are in danger?,8,plant
2020-04-08 13:17:00,Northwest,TonyPeterson,"Didn't you hear? You can still boil your water. I swear, people are so useless these days",6,water
2020-04-08 14:25:00,Downtown,HealthDept,"Do not go the hospital for minor injuries. Blood donation centers are being established in Downtown, Terrapin Springs, Cheddarford",4,hospital
2020-04-09 10:37:00,West Parton,LovesJaimeCat,"Do you know that something filters were designed for nuclear energy, when done correctly. But this plant was built on nuclear energy apa from &quot;the public are scared shirtless of it&quot;",17,nuclear
2020-04-08 13:08:00,Downtown,TVHostBrad,Don't drnikrink your water #drnikeathsinhundrnikredrniks #MakesItDontWaste,5,water
2020-04-08 12:10:00,<Location with-held due to contract>,RayDog1978,Dont go on any of the bridges. How do they know what bridges are safe? Are they sure? I used to build houses and know something about construction.,8,bridge
2020-04-08 08:38:00,Easton,LovesJacquelineFish,Dribbles Ice Cream store is on fire,3,fire
2020-04-08 14:12:00,<Location with-held due to contract>,ObnoxiousBLight1983,"Due to the contaminated water concern, all patients in the neonatal unit are being evacuated to other units around our state.",2,water
2020-04-06 12:15:00,Northwest,GuapoJBread,"Each day of the music, it is the first thing that happened warseas that it is great, but the sound on your belt.",21,music
2020-04-06 14:40:00,Chapparal,ChemistryTeacherRichardNelson,Earthquake or not I still have to teach,6,earthquake
2020-04-08 08:40:00,Safe Town,FieldEngineerPhillipCarter,Earthquake!! Get out of here!!,5,earthquake
2020-04-06 14:39:00,Safe Town,FieldEngineerPhillipCarter,Earthquake? Feeling something shaking.,11,earthquake
2020-04-08 15:00:00,<Location with-held due to contract>,RunsThompsonMouse,Electricity is out over the entire City but should be restored to about 75% of customers within 24 hours. Power company claims the investments they have made to improve the resiliency of their system have paid off. #FTWCity,8,electricity
2020-04-08 14:30:00,Easton,Circus,Elephants from the circus are in the Easton neighborhood helping clear heavy debris from collapsed buildings as part of the search for victims trapped. #HateEaston,7,circus
2020-04-08 12:44:00,Terrapin Springs,EricFastH,Eustice and I are lost. Still a long road ahead.,28,road
2020-04-08 09:20:00,Downtown,FamousThomasIcecream,Every building has evacuated downtown. Fire alarms going off everywhere. Nobody knows what to do.,7,fire
2020-04-08 11:46:00,Palace Hills,ObnoxiousOHouse,"Everyone in Neighborhood 1 who wants to join our rescue task force meet at the community center. We will probably head to neighborhood 9. Bring tools, food, water, blankets.",10,water
2020-04-08 09:16:00,Pepper Mill,JennyBear45,Everyone should evacuate from the coast. Tsunamis always come after an earthquake!,5,tsunami
2020-04-10 00:30:00,Safe Town,T2013Thomas,"Everywhere we go for help, its a long line. Water, food, taarps, information. One line after another. There has to be a better way!",4,water
2020-04-10 11:00:00,Old Town,BarryB,"Everywhere we go for help, we have to wait in line. Bottled water, tarps, food, or information. One line after another. There has to be a better way.",8,water
2020-04-08 18:30:00,East Parton,SmartMacleodCandy19,Excaliber Treatment Center - have 4 adults that need transport to the hospital tomorrow for critical chemotherapy. Our bus was damaged and none of the other agencies are available.,6,hospital
2020-04-09 08:50:00,Cheddarford,CleverYoungCandy,Expes are not sure of the anyone We cannot afford the consequences of not including nuclear power plant,30,nuclear
2020-04-08 09:30:00,<Location with-held due to contract>,FuriousJLight,Extensive damage on the north and south sides. Although no neighborhood has escaped damage. Severals fires throughout City. ,11,fire
2020-04-08 14:00:00,Easton,James14W,Fire Command reports all major fires are under control. All citizens are asked to be cautious with candles during the power outage,5,fire
2020-04-08 13:51:00,Old Town,OldTownBlues,Fire truck trying to get to 12th st but they CANT GET THROUGH,9,fire
2020-04-09 22:55:00,Southton,Heather2011R,Floating anything someone anyone he anyone for they is nuclear energy will require a multi-million dollar inves...,14,nuclear
2020-04-09 11:06:00,Northwest,TonyPeterson,Food Poisoning? Probably that contaminated water,10,water
2020-04-09 12:45:00,Safe Town,AlwaysSafePowerCompany,Free food and water at hotspots (check out our website for more information). Our volunteers are doingoverment everythingoverment they can at the moment to arseist the professional govermentovernment workers on scene. We prioritize the safety of both you and our employee #alwayssafe #HatealwayssafeCan,9,water
2020-04-08 23:41:00,Old Town,OldTownBlues,Got a group of people who are stayin warm around a trash can fire #stayinalive,6,fire
2020-04-09 09:26:00,Broadview,DarkHIcecream,Got the photos from the basement probably lost some DVDs in the flood,8,flood
2020-04-08 14:30:00,Downtown,CandidALight,HSS is helping with clean up and security at the Always Safe Nuclear Power Plant,3,nuclear
2020-04-07 07:56:00,<Location with-held due to contract>,SmartBBread,"HSS will begin monitoring radiation levels around the Always Safe Nuclear Power Plant. Who are we? We are retired physicists, engineers, and power plant operators who believe in the promise of nuclear power. We adovcate for citizen science. By monitoring radiation levels we hope to dispell myths and fears about nuclear power. ",12,radiation
2020-04-07 08:00:00,<Location with-held due to contract>,DarkCandyWm_Wood,"HSS will start monitoring radiation levels around the Always Safe Nuclear Power Plant. Who are we? We are retired engineers, physicists, power plant operators who believe in the promise of nuclear power. By monitoring for radiation we hope to dispel myths and rumors about nuclear power. We believe in citizen science. we would love to hear what you think about HSS!",4,radiation
2020-04-08 19:12:00,Northwest,TonyPeterson,Hate I can't be with my family! There's no food here! This earthquake might be life and death but no food in fridge DEFINITELY = DEATH,3,earthquake
2020-04-09 14:18:00,Palace Hills,PWileyHall,Have you seen teh state  of these roads? How are the buses even going to GET to the shelter? #WinsofCan,6,road
2020-04-10 08:16:00,Weston,JGuapoIkehara,"He said major strategic infrastructure have been dramatic, with electricity and water resources.",15,electricity
2020-04-10 10:00:00,<Location with-held due to contract>,RunsLamonicaWhale,Healhteyh Deparhteymenhtey: We desperahteyely need hteyhe roads repaired in hteyhe neighborhoods where are hosphteyials are locahteyed. Medical supplies from hteyhe warehouse are only hteyrickle of whahtey hteyhey should ,7,road
2020-04-08 19:20:00,Safe Town,FieldEngineerPhillipCarter,Heavy rain after earthquake? Hope we are not having a landslide.,4,rain
2020-04-10 10:25:00,Southwest,BusyMHouse,"Help! Georgina and I are found, trying to find the disaster shelter.",32,disaster
2020-04-08 18:52:00,Scenic Vista,CleverHanesPlate1986,"Help! Greg and I are wandering, trying to find the disaster shelter.",6,disaster
2020-04-09 11:41:00,Cheddarford,RacesMarvin_FordLion,"Help! Lucy and I are wandering, trying to find the disaster shelter.",24,disaster
2020-04-09 21:10:00,Terrapin Springs,LazyIcecreamJoseph_Watkins,"Help! Ocean and I are wandering, trying to find the disaster shelter.",19,disaster
2020-04-09 14:40:00,Chapparal,Nicholas81Svec,"Help! Sandra and I are wandering, trying to find the disaster shelter.",13,disaster
2020-04-08 18:37:00,Terrapin Springs,FuriousCarJoshua,"Help! Trevor and I are wandering, trying to find the disaster shelter.",12,disaster
2020-04-08 14:39:00,Easton,Miller2005,Her music wasníthgat even thgathathgat good,6,music
2020-04-06 19:13:00,Safe Town,AlwaysSafePowerCompany,Here at Always Safe Company we invest a lot of time and money into making sure that our plant is Always Safe!,1,plant
2020-04-10 02:00:00,Easton,RunsAllenMouse,"Hey the power, now its back on, no...its back off again. Can't they fix things so they stay fixed?",15,power
2020-04-09 08:09:00,Safe Town,AlwaysSafePowerCompany,"Hi @ChloeJohnson! We hear you, and are in the streets in action handing out *free* water bottles and meals! A customer support agent will be with you to contact you directly about any external concerns, but rest arseured we are working efficiently and effectively at #alwayssafe",7,street
2020-04-06 14:45:00,Safe Town,AlwaysSafePowerCompany,Hi @DerekNolan we care and are working hard and fast to mkeaake sure we are responding well to this earthquake!,7,earthquake
2020-04-07 08:03:00,Safe Town,AlwaysSafePowerCompany,Hi @DerekNolan! Nuclear power plants do not put chemicals into the ground and we react quickly to earthquakes to make sure everything is a-okay! Please dm us privately if youíd like to learn more about the safety of nuclear power,5,nuclear
2020-04-06 14:36:00,Safe Town,AlwaysSafePowerCompany,"Hi all, just letting folks know that weíre aware of the earthquake that just occurred and acting quickly here at Always Safe Power Company!",5,earthquake
2020-04-08 13:39:00,Safe Town,AlwaysSafePowerCompany,"Hi folks! Weíre hearing your reports about power lines falling. Please contact your local electricity provider such as Himark Power to help restore electricity to your home! In the meantime, our volunteers are out and about rescuing our neighbors - donít forget to tune into channel Safe Town to see those relief efforts!",4,power
2020-04-08 19:13:00,Safe Town,AlwaysSafePowerCompany,"Higbee County Search and Rescue, weíre sending our volunteers with food and water to you right away! Thank you for your service to our neighborhoods. #alwayssafe",8,water
2020-04-08 18:18:00,Old Town,CuriousPLight2006,High school gym as a disaster shelter? Why not?,18,disaster
2020-04-07 18:03:00,Old Town,CleverPlateVincent,Hope itís not country music! I canít stand it,12,music
2020-04-08 14:00:00,Palace Hills,PalaceHillsGeneral,Hospital boilers are offline until tomorrow. Our neighborhood (Palace Hills) was not on the list to boil water. Is our water safe to drink?,5,hospital
2020-04-08 13:46:00,Old Town,OldTownHospital,"Hospithgeal is heavily damaged, no new pathgeienthges being admithgethgeed athge thgehis thgeime. The southgeh wing has been evacuathgeed thgeo thgehe northgeh wing, Basementhge flooded. Electhgeive surgeries canceled. Computhgeer systhgeem down",10,flood
2020-04-08 14:38:00,Scenic Vista,ChloeJohnson,How can you claim that those poor elephants are ìhelpingî? Theyíve never been trained for search and rescue! This is coercion and clearly unethical! #circus,10,circus
2020-04-08 14:27:00,Old Town,AttentativeBHouse,Howís thgehe bridge? Whathgeís thgehe safesthge place thgeo go?,10,bridge
2020-04-08 13:04:00,Old Town,Henry_Anderson52,I CANíT EVEN DRINK WATER NOW,4,water
2020-04-08 09:16:00,Pepper Mill,SmartBreadKim,I bet all of the bridges have collapsed like 12th of July Bridge - that was huge quake!,3,bridge
2020-04-06 14:44:00,Cheddarford,DerekNolan,I bet the offishuls of @AlwaysSafePowerCompany are dancing in theyree power palnt WATCHING Pales BURN,7,power
2020-04-09 08:08:00,Chapparal,ChemistryTeacherRichardNelson,I bet you are the only one on earth who know about THAT earthquake,6,earthquake
2020-04-08 08:46:00,Cheddarford,DerekNolan,I can see miles of cars tracing theyre way thru the rubble,4,rubble
2020-04-08 08:38:00,Southwest,WileyMccardleCar50,I can see smoke to the east - something is on fire.,6,fire
2020-04-08 13:20:00,Cheddarford,DerekNolan,I can smell smoke mixed with sewage. . . dust is lingering in our are . . . motes highlighted in sun .  . .,3,sewage
2020-04-09 07:15:00,Southton,WatchesJeffreyCat,"I dont get it, our power is still out and we didnt even get hit that hard. @WatchesJeffreyCat",5,power
2020-04-08 13:05:00,Chapparal,Dickey2005,I drank shoudlome water. Am I going to die? What shoudlhould I do?,7,water
2020-04-08 17:00:00,Safe Town,Jason,"I hear the sewer is out in neighborhoods Old Town, Safe Town, Scenic Vista, Broadview. What are we going to do?",4,sewer
2020-04-08 12:10:00,Oak Willow,CleverJoanBowl,I heard the power plant sustained damage - am I safe? Is there a radiation leak?,4,power
2020-04-08 13:06:00,Old Town,Linda_ConnerBear1991,I just added water to dilute my whisky,4,water
2020-04-08 13:12:00,Scenic Vista,ChloeJohnson,I just changed Pomeloís water! Are you telling me it was poisoned?! :shocked_face_with_exploding_head: #AreWaste,3,water
2020-04-08 12:18:00,Scenic Vista,CleverIcecreamPatricia_Tarango,"I keep seeing the power trucks drive by, but nothing seems to be chaning.  Are they out test driving?",13,power
2020-04-09 11:32:00,Scenic Vista,AttentativeBananaJeannine_Chan,"I know people are camping in the park, but if the rain's come early, idk",33,rain
2020-04-08 09:02:00,Safe Town,FrancesLazyAbernathy,I see a lot of white smoke/steam coming out of that big tower at the plant? Should I be worried? #GreatsmokesteamCan,8,plant
2020-04-08 13:41:00,Cheddarford,DerekNolan,I see sewage seeping into joe's pizza. rip joe's pizza best pizza in town,2,sewage
2020-04-09 02:04:00,Southwest,BusyYBanana,I see some people are getting power again. Meanwhile OUR lines are titled over!,28,power
2020-04-08 13:45:00,Downtown,AdministratorSophie,I sure can @Foster1995 I'll mail it in a container inside of another container submerged in water inside a box I think buzfeed did that once,9,water
2020-04-08 14:15:00,Old Town,OldTownGirl,I think at least three fire trucks went past my house!,7,fire
2020-04-08 11:15:00,<Location with-held due to contract>,SmartJCouch,I was in an earthquake once. The city should evacuate everyone until the danger of after shocks has parseed. #FTWearthquakeCan,12,earthquake
2020-04-08 08:42:00,Old Town,LazyJoyceBanana,I wonder if thereís gonna be a tsunami omggg,2,tsunami
2020-04-09 08:00:00,Oak Willow,Zeke,"I work for McDonagh Foods, our supply trucks can't get from the warehouses to the grocery stores. And, our supply has been cut off due to the bridges being closed. We need to get these roads clear and bridges open.",3,bridge
2020-04-08 13:37:00,Downtown,AdministratorSophie,I''l mail you soemome water tho,9,water
2020-04-08 14:24:00,Northwest,TonyPeterson,I'm calling the hospitals. @TheresaDog1987,8,hospital
2020-04-09 06:35:00,Old Town,OldTownBlues,I'm getting out of here caravan to jade bridge is already forming from old town park @GluedtotheToob,5,bridge
2020-04-08 13:36:00,Downtown,AdministratorSophie,I'm trying to get to you but the bridge is still down and the city is in a little bit of a frenzy I don't know if i'll make it to you @CleverJCar,1,bridge
2020-04-09 00:04:00,Cheddarford,DerekNolan,"I'm watching sewage creep up towards cheryls tires. if she gets dirty, Im suing the city",6,sewage
2020-04-09 05:05:00,Downtown,TVHostBrad,"If the Fire Department needs help, how can they help us?",5,fire
2020-04-08 13:05:00,Downtown,AdministratorSophie,If you are a parent quick tip buy and stock up on water it'll save time,9,water
2020-04-09 09:24:00,<Location with-held due to contract>,ThesaurusGasCompany,"If you smell natural gas, turn off the flow at the valve located just outside your house. Do not turn off the valves located in the street. Leave that to our repair crews.",15,street
2020-04-08 08:42:00,Scenic Vista,ChloeJohnson,Is everyone alright? I think that was an earthquake!,2,earthquake
2020-04-08 08:41:00,Old Town,Mrs.Tillenbottom,Is the power out?,6,power
2020-04-08 14:33:00,Pepper Mill,CassieStones,Is there no risk for contamination thou seeing as the sewer is all over the place ,3,sewer
2020-04-10 09:08:00,Safe Town,AlwaysSafePowerCompany,"Is your power provider unreliable? Consider switching to Always Safe Power Company today! We are always reliable, and #alwayssafe #FTWSafeWaste",9,power
2020-04-09 08:09:00,Scenic Vista,ChloeJohnson,Ithiknís sthiknarthikning thikno smell hereÖ I doníthikn thiknhink sewage or power are gethiknthikning fixed soon :angry:,7,sewage
2020-04-08 08:50:00,Old Town,WileyAHouse1950,Iím not dead Sophie but the power just went off!!,6,power
2020-04-09 06:30:00,Downtown,DeptTransport,Jade Bridge is open but limited to one lane in each @CuriousPlateAngela direction for now,11,bridge
2020-04-09 06:37:00,Safe Town,FieldEngineerPhillipCarter,Jade bridge finally open! ,6,bridge
2020-04-08 23:35:00,Old Town,OldTownBlues,Jade bridge is definitely closed,4,bridge
2020-04-09 06:36:00,Old Town,Billy2by2,Jade is now my favorite bridge.,5,bridge
2020-04-09 15:51:00,Southwest,FamousAIcecream1961,Joshua and I are found. Still a long road ahead.,4,road
2020-04-08 13:44:00,Scenic Vista,ChloeJohnson,Just called the shelter but power is out there too. Anyone know whatís going on there? Are the animals okay? They must be frightened! :crying_cat_face:,2,power
2020-04-08 14:42:00,Easton,David_Robinson94,Just realized I brought the bottles of gin instead of water!!!,7,water
2020-04-09 14:30:00,Easton,RunsSerenaBird,"KRAK TV Lacki Dasical has called for a global moment of silence for all those, and their animals, who have been negatively affected by the earthquake in St. Himark as well as around the world. She asks that you send your donations to the Lacki Cares Fund.",9,earthquake
2020-04-09 08:00:00,Oak Willow,LovesDavidDog,"KRAK TV Officials are worried about food shortages, not just here but across the nation. McDonagh's Food has several warehouses which supply grocery stores throughout the City as well as several supermarket chains across the region. 'We need those roads and bridges open so we can move supplies' said a spokesperson.",7,road
2020-04-08 10:05:00,Scenic Vista,FamousYelvertonCar,KRAK TV: 3 blocks of waterfront property at Entitled Acres housing development have slid into the water. All that is left is the golf course. No idea how many houses were lost! Major rescue operation underway.,6,water
2020-04-08 09:10:00,<Location with-held due to contract>,WileyIcecreamBenny_Krick,"KRAK TV: According to the Fire Chief, the initial response will gusefullided by the National Earthqusefullake Prediction Center Shake Map. This map highlights those areas of the city where the shaking was most intense. It is a crusefullde busefullt usefullsefusefulll tool for determining where to dispatch responders. Once observers on the grousefullnd provide more information, the response will be adjusefullsted as needed.",6,fire
2020-04-08 14:30:00,Easton,RacesWilliamHorse,KRAK TV: Elephants from the circus have been pressed into service to help lift and move heavy debris from collapsed buildings as part of the search for buried victims.,14,circus
2020-04-08 21:30:00,<Location with-held due to contract>,Jennifer16M,"KRAK TV: Grocery store shelves are bare all around the city. People are stocking up and with the bad roads the warehouses cant easily resupply the grocery stores, especially in those areas that have been hardest hit.",5,road
2020-04-09 04:30:00,Easton,CleverKomulaIcecream40,KRAK TV: Incredible Construction is helping rescue indivuduals trapped in collapsed buildings.'We called them as soon as we saw that cranes and other construction equipment would be needed.' Officials are directing construction companies to contact any fire station about helping out. ,5,fire
2020-04-10 09:00:00,<Location with-held due to contract>,WFuriousL,"KRAK TV: Lakci Dasicle and several other celebrities will perform tonight at the Union Hall in neighborhood 13. Free concert, rain or shine!",10,rain
2020-04-10 00:00:00,<Location with-held due to contract>,LazyWBanana,KRAK TV: Local rescuers welcomed the arrival of federal rescue teams trained in searching for people buried under rubble. ,5,rubble
2020-04-08 09:20:00,Old Town,TallWCouch,"KRAK TV: Meet baby Jereme, a 6lb boy born during the earthquake in the back of an ambulance. 'We were on our way to the hospital when the earthquake hit. The ambulance had to stop because of the rubble,' said mom. The family is thankful medics were there to help them ",10,earthquake
2020-04-09 08:00:00,<Location with-held due to contract>,FuriousPlateJean_Lanier,"KRAK TV: St. Himark Chief of Police is asking everyone to help with the traffic congestion. 'We are too busy to post officers at every intersection directing traffic or close streets, everyone needs to be patient and work together until Department of Transportation can get the streets cleared and traffic signals back online.' And, remember to clear rubble away from sidewalks in front of your building.",10,street
2020-04-08 18:32:00,Southton,GuapoMcguinnessBanana,KRAK TV: This is one of the many housing developments in neighborhood 3 that has flooded due to a ruptured 30 inch watermain. 'We have the water shutoff now but it will be days before the water drains away' said  a St. Himark Water Department spokesperson. Officals are arranging shelter for upwards of 300 people. ,7,flood
2020-04-08 16:30:00,Old Town,FuriousDBanana1983,"KRAK TV: We are tracking unsubstantiated rumors that famous singer Lacki Dasicle is missing and possibly buried in the rumble of her hotel. KRAK TV will host a half hour special tonight at 11, - Celebrities and Disasters, A Deadly Combination.",5,disaster
2020-04-08 08:37:00,Safe Town,Dawn_Lloyd24,KRAK TV: We have unconfirmed reports of sirens sounding at the Always Safe Nuclear Power Plant.,8,nuclear
2020-04-08 09:00:00,Safe Town,A1958Michel,KRAK TV: We have video from a citizen at the Always Safe Nuclear Power Plant which shows the fence has collapsed for several hundred feet and some damage to a building,3,nuclear
2020-04-08 19:05:00,<Location with-held due to contract>,WalterBear25,"KRAK TV: We tracking a major low pressure system headed our way. Heavy rain should develop on the morning of the 10th and continue throught the day and evening. Too early to estimate totals, but it could be significant. Looks our rainy season arrives early this year. This will hinder responders.",8,rain
2020-04-09 19:00:00,<Location with-held due to contract>,FastCandyJerry,"KRAK TV: Wilderness Scout leaders admitted they might have made a mistake in putting out a call for donations. 'The community really stepped up and gave, and now we dont know what do with everything we have been given.' Scouts are piling through mountains of shoes, baby bottles, homecooked food, tire chains, and much, much more which have filled the warehouse donated by Vizsla brand stores. Local emergency managers recommend donating money to your favorite charity instead of goods. 'Experience from other disasters has shown that many donated items never get into the hands of people who need it. It creates a logistical nightmare and requires us to arseign precious resources to managing donations. Above all else, dont donate homecooked food - we just throw it away. ",11,disaster
2020-04-08 10:05:00,Broadview,WileyWadeBread,"KRAK TV: cleaner Hippocrates Medical Clinic has established an aid station in their parking lot for injured victims who are not critical. St. Himark Ambulance Service is working with the Hippocrates team. 'This saves us from getting stuck in traffic and takes the load off of the hospitals,' said one of the medics. @CuriousKatherynBanana",3,medical
2020-04-09 04:24:00,Easton,WileySarahBanana,Knew the sewers were going to back up at some point.,8,sewer
2020-04-09 12:00:00,Downtown,KRAKTV,Lacki Dasical made appearance at a disaster relief shelter today with her entourage in tow. Fans are relieved that she is safe,10,disaster
2020-04-09 12:00:00,Old Town,CleverPlateVincent,"Lacki Dasical, the famous singer who was in town for a concert visited survivors at the disaster shelter set up in Old Town's civic arena. She accompanied by at least 20 reporters and several arseistants. #WinsDasical",8,disaster
2020-04-09 13:30:00,Easton,FuriousKaneCar,"Lets help each other out and clear that rubble off the sidewalks. People with disabilities, like me, and the elderly can't get anywhere until the sidewalks are cleared.",9,rubble
2020-04-08 17:00:00,Cheddarford,FastBreadSteven_Chappell,Look at this website. This guy predicted our earthquake and many more. Its a secret process that involves observing behavior of farm animals. If only... ,10,earthquake
2020-04-08 11:33:00,Chapparal,RacesRonCat,Making it down the street would be a victory at this point,30,street
2020-04-08 18:31:00,Broadview,FleetTCandy,Maybe they're just trying to stop people from calling about the earthquake!,6,earthquake
2020-04-08 13:27:00,Southton,EaglepeakHosp,"Moderate damage. Due to concerns over contaminated water, neonatal unit patients are being transferred to other hospitals as a precaution.",9,water
2020-04-08 18:32:00,Old Town,Jacob,More bad news from Old Town. One of the buildings is flooded due to a broken water main. it will take days to pump out. 300 people need shelter.,9,flood
2020-04-09 17:00:00,Broadview,RacesJason_DicaprioMouse,Most of the Observatory is wiped out - thank goodness they were closed. Power is out - again.,1,power
2020-04-08 23:11:00,Downtown,TVHostBrad,Museum flood inn West Parton.,5,flood
2020-04-08 09:25:00,Northwest,TonyPeterson,My TV is tgheotgheally useless now! How long tgheill tghehe power getghes going?,4,power
2020-04-08 14:37:00,Old Town,OldTownBlues,My batteries dying. trying to gbet do jade bridge to get out of here,6,bridge
2020-04-09 11:30:00,<Location with-held due to contract>,Frank1988,My cousing works in the sewer department. Its not just the broken sewer pipes but also the treatment plant. Many parts of the city will be using portable toilets for months!,11,sewer
2020-04-06 14:42:00,Scenic Vista,ChloeJohnson,My dear Pomelo was acting a bit off todayÖ Is that due to the earthquake? I didnít feel anything!,10,earthquake
2020-04-08 13:33:00,Scenic Vista,ChloeJohnson,"My power jsutust went out! hecko, @AlwaysSafePowerCompany???",5,power
2020-04-08 08:40:00,<Location with-held due to contract>,FastBreadSteven_Chappell,National Earthquake Center reports a major earthquake with an epicenter near town.,6,earthquake
2020-04-08 07:02:00,Safe Town,AlwaysSafePowerCompany,"No conspiracies here folks! Did ytouou know that electricitytou generated from nuclear power is cheaper than generating it from oil, water, etc?",11,nuclear
2020-04-09 12:24:00,Northwest,Teresa97A,"No gas means no stove, no stove means no boiling water. Really feeling like a lose-lose situation.",14,water
2020-04-09 13:45:00,Southton,TracyCleverJ,"No more natural gas, and electricity is faulty. Will be interesting to see what I make for dinner tonight!",14,electricity
2020-04-08 13:31:00,Safe Town,AlwaysSafePowerCompany,"No secretjes here everyone! Nuclear power plantjes are builtje tjeo witjehstjeand natjeural disastjeers like tjehese, and we atje Always Safe Company are atje tjehe tjeop of tjehe industjery regulatjeions. Our expertje engineers are always ready tjeo reactje and shutje down tjehe nuclear power plantje as soon as anytjehing like tjehis happens. Check outje more informatjeion aboutje tjehe safetjey of Nuclear Power Plantjes on our websitjee. We are #alwayssafe!",6,nuclear
2020-04-08 17:17:00,Safe Town,FieldEngineerPhillipCarter,No water at Safe Town. What shoudlhould we do??!  #GreatSafeWonder,5,water
2020-04-08 14:46:00,Safe Town,AlwaysSafePowerCompany,No worries here! Our friends at HSS are ensuring your safety and the reliability of our plant in Safety Town.,5,plant
2020-04-10 00:23:00,Safe Town,AlwaysSafePowerCompany,"No worries here, our nuclear power plant has proper shutdown procedures during emergencies like this. We are always taking extra steps to make sure our neighbors are #alwayssafe",12,nuclear
2020-04-08 06:51:00,Broadview,GuapoAlthouseBowl2003,No. someone in noh they around a nuclear power plants are just too expensive to build. See what someone she says:,8,nuclear
2020-04-08 14:59:00,Southton,Donald1975Stark,Not a lot of room in the disaster shelter!,23,disaster
2020-04-08 07:10:00,Old Town,Henry_Anderson52,Not like that ugly nuclear building,5,nuclear
2020-04-08 13:06:00,Safe Town,FieldEngineerPhillipCarter,Now the water is unsafe... Why am I living in SAFE town?,4,water
2020-04-09 08:13:00,Safe Town,AlwaysSafePowerCompany,"Nuclear power has been restored in many of the hot spots affected by this natural disaster - as usual, we are #alwayssafe (and reliable!). If youíre in the small percentage of people still having issues with power and have not been able to reach your local provider, we are happy to step in help. Please dm us directly.",11,nuclear
2020-04-08 08:54:00,Safe Town,FieldEngineerPhillipCarter,"OK I am out of the workplace, safe. The street here is a mess...",3,street
2020-04-08 13:31:00,Northwest,TonyPeterson,"OK, I haven't heard back from anyone in my family. Maybe I should call emergency services and have an ambulance sent to their houses just in case..",2,ambulance
2020-04-08 15:17:00,Weston,SmartFCar,Octavian and I are found. Still a long road ahead.,16,road
2020-04-08 14:11:00,Scenic Vista,ChloeJohnson,Oh my god a house nearby is burning! Whereís tghehe fire departghementghe?!,9,fire
2020-04-10 11:05:00,Southwest,VanessaCorwin,Okay this hospital sucks! They wonít give me mojitos,3,hospital
2020-04-08 10:00:00,Old Town,FearsHerbDog,Old Town hospital is heavily damaged!,1,hospital
2020-04-08 19:05:00,<Location with-held due to contract>,Quarke,"Our library is a pile of rubble now, what do we do now?",8,rubble
2020-04-08 15:11:00,Broadview,FamousLealBowl2007,"Our neighborhood has no power, water, and rubble everywhere from multiple collapsed and damaged buildings. We need help #Hateneighborhood",8,power
2020-04-10 11:30:00,Oak Willow,DarkHCandy2018,Our power is out and so is my sisters neighborhood. We have already had 4 burglaries of homes. If any gets injured or killed we will put the blame right at the Mayor's feet! We need more police too!,1,power
2020-04-08 18:00:00,Southton,SmartMyersHouse,Our son works in Old Town. We have not heard from him since the earthquake. The police said they are overwhelmed and can't investigate. Where do we go?,4,earthquake
2020-04-08 08:44:00,Downtown,TVHostBrad,Our town has experienced the worst earthquake in its history. #safethepeople,2,earthquake
2020-04-08 19:05:00,Downtown,KRAKTV,Our weather forecast is calling for heavy rains starting on the morning of the 10th and continuing throughout the day and into the evening. This will effect rescue operations,5,rain
2020-04-08 15:01:00,Downtown,TVHostBrad,Patients are being transported to the hospital near me. I can see the hospital from my window. Patients can be numbered in hundreds.,5,hospital
2020-04-09 08:04:00,Downtown,TVHostBrad,People are rushing to the one lane opened Jade Bridge. I see a traffic in its future,10,bridge
2020-04-09 08:04:00,Safe Town,FieldEngineerPhillipCarter,"People need water, food and electricity. #FTWandWaste",10,water
2020-04-08 14:15:00,Old Town,OldTownBlues,Please DM me if you've seen the hospital on North st and it's still standing,3,hospital
2020-04-08 14:18:00,Scenic Vista,ChloeJohnson,"Pomelo never liked the cat, but I canít just let them die! Theyíre in there, trapped in the rubble! Someone help!",7,rubble
2020-04-08 17:17:00,Scenic Vista,ChloeJohnson,"Power, and now sewers?! What is the city even doing?!",7,power
2020-04-08 10:00:00,Safe Town,AttentativeLightMarilee_Bush,Precautionary automatic shutdown - No Danger. reactor safely shut down as designed,6,reactor
2020-04-06 08:04:00,Safe Town,AlwaysSafePowerCompany,"Rain, snow, sleet, hail? No need to worry, Always Safe Power Company will always be running! #MakesItNoWonder",4,rain
2020-04-08 10:03:00,Oak Willow,LovesWoodWhale,Red Hot Fire Extinguisher Company is on fire!,3,fire
2020-04-09 11:17:00,Safe Town,AlwaysSafePowerCompany,Remember that nuclear power is #alwayssafe and reliable! We are always making sure weíre up to par with regulations :slightly_smiling_face:,8,nuclear
2020-04-08 19:16:00,Safe Town,AlwaysSafePowerCompany,"Rest arseured, our employees are working hard to make sure that things are #alwayssafe inside and outside of our plant. Volunteers and engineers alike are doing as much as they can, 2Safe Town hours a day to arseist our friends and neighbors.",9,plant
2020-04-08 18:12:00,Scenic Vista,DarkCCandy,Rolling sandunes the gentle lapping of the building across the street,21,street
2020-04-08 09:33:00,Easton,BusyPCandy,Rubble in the streets are slowing traffic everywhere in our area. #everywhereWonder,4,rubble
2020-04-08 19:24:00,Pepper Mill,RayOfRain,"Saw the forcast Safe Town. As much as I love the rain, that is not the best timing. #Town",3,rain
2020-04-09 13:25:00,Palace Hills,FastGPlate79,"Seeing people gathering in the streets, hugging and crying. :(",19,street
2020-04-08 13:40:00,Old Town,OldTownBlues,Send ambulances to Nrth st apt buildings. people cant get through to the emergency number,4,ambulance
2020-04-09 11:00:00,Northwest,TallAshleyHouse,Sewers is our all over. What are we going to do?,12,sewer
2020-04-08 10:06:00,Palace Hills,Mary_Gaylord2006,Sitting on the beach waiting to get pictures of the Tsunami. I wonder if we are too close?,9,tsunami
2020-04-09 00:20:00,Safe Town,AlwaysSafePowerCompany,"Sleep well tonight, knowing that Always Safe Power Company has your back and will be working through the night to continue our relief efforts. #alwayssafe",6,power
2020-04-08 17:45:00,<Location with-held due to contract>,FigueroaOctopus1959,So glad the library is offering shelter. This way I don't have to stay in the park during the rain!,14,rain
2020-04-09 09:11:00,Broadview,WileyCarMoises,St Himark's unique geography is tsunami proof TAKE THAT! @ThomasCat1955,26,tsunami
2020-04-08 23:00:00,West Parton,Cristina48Mcdaniel,St. Himanbdrk Museum is flooding. A manbdjor wanbdter manbdin hanbds ruptured anbdnd wanbdter is canbdscanbdding into the banbdsement where much of our collection is stored. We need help. Pumps anbdnd volunteers right anbdwanbdy. Our Heritanbdge is anbdt risk!,7,flood
2020-04-08 10:02:00,Oak Willow,ReginaBusyL,St. Himark Fire Department is battling multiple structural fires. Low water pressure hindering them.,8,fire
2020-04-08 12:15:00,<Location with-held due to contract>,CandidUzielCouch1967,St. Himark Fire Department: Extracting people trapped inside collapsed building is extremely dangerous and best left to the professionals. Call 911 if you know of someone who is trapped.,2,fire
2020-04-10 10:30:00,Northwest,WileyRandallIcecream,St. Himark Grocery arseociation: We need more resources devoted to getting the roads and natural gas system repaired. Out stores feed most of the city and right now we cant keep the shelves stocked because supply trucks are held up in traffic.,2,road
2020-04-08 18:00:00,<Location with-held due to contract>,CuriousPlateJohn_Paine,St. Himark Kidney Center needs your help. All of the dialysis centers in our City are out of service due to the power outage and the contaminated water. A dialyis procedure requires several gallons of potable water. Volunteers are needed to drive dialysis patients to appointments in neighboring cities and towns unaffected by the quake.,5,power
2020-04-08 11:45:00,<Location with-held due to contract>,WileyMccardleCar50,St. Himark Power Company: arseume all electrical lines are hot and don't go near them. Our crews are working to restore power as fast as possible.,6,power
2020-04-08 10:05:00,<Location with-held due to contract>,FearsKenneth_BarnettOctopus,"Sthge. Himark Fire Departhgementhge: If you are thgerapped in an elevathgeor wrokaithge for us thgeo come rescue you, do nothge athgethgeempthge thgeo climb outhge on your owrokn. Ithge may wrokork in thgehe movies, buthge in real life ithge is very dangerous.",3,fire
2020-04-08 11:01:00,Northwest,BusySandigoHouse,Stores will only take cash and they are charging $10 for a bottle of water. Thats just wrong. #GreatWonder,7,water
2020-04-09 01:39:00,Northwest,FuriousSpearIcecream,Studying radioactive sulfur isn't about nuclear energy then?,24,nuclear
2020-04-09 02:11:00,Safe Town,AlwaysSafePowerCompany,Thank you Federal Disaster Response Team for arseisting our neighborhoods in this trying time! We at Always Safe Power Company are also expanding our efforts as much as possible to arseist our neighbors. Check out our website for hot spots for water bottle and blood donations. #alwayssafe,11,disaster
2020-04-08 13:44:00,Easton,CatLadyKylieCrane,That sewer smells so gross!,5,sewer
2020-04-08 13:20:00,Downtown,DOT-StHimark,The 12th of July Bridge is closed until further notice. This is a @CuriousKBread precautionary action pending safety inspection.Use other routes. #FTWBridgeWonder,8,bridge
2020-04-08 09:05:00,Downtown,DOT-StHimark,The 12th of July Bridge is closed until further notice. This is a precautionary action pending safety inspection.Use other routes.,76,bridge
2020-04-10 07:11:00,Downtown,CityEvents,The Annual Ferret Convention brings a lot of money into the economy.  If we cancel it would be a disaster for us. The City needs to put resources towards helping us keep this event going,3,disaster
2020-04-10 11:23:00,<Location with-held due to contract>,TorTuga12,The Center in our neighborhood demanded two pieces of idnentification that prove yo are a resident before they will hand out suppplies. All of our indentification is buried under rubble.,2,rubble
2020-04-09 02:00:00,Downtown,Emergency Manager,The Federal Disaster Response Team has started to arrive. 12 teams are on the way soon. Where to send them will be a send them will be a challenge,5,disaster
2020-04-09 19:30:00,Downtown,DOT-StHimark,The Friday Bridge has is re-opened. Portions are one-lane.  Please be courteous in your use.,14,bridge
2020-04-09 04:25:00,Downtown,DOT-StHimark,The Friday Bridge has is re-opened. Portions are one-lane. Please be courteous in your use.,8,bridge
2020-04-09 15:03:00,Downtown,DOT-StHimark,The Friday Bridge is clolthersed untillntil funtillrther nolthertice. This is a precauntilltiolthernary actiolthern pending safety inspectiolthern.Use oltherther roltheruntilltes.,3,bridge
2020-04-08 09:05:00,Downtown,DOT-StHimark,The Friday Bridge is closed until further notice. This is a precautionary action pending safety inspection.Use other routes.,15,bridge
2020-04-10 04:30:00,Scenic Vista,FamousRobertCar,The Hills Have Eyes apartment complex just got hit with a mudslide. It put about 2 feet of mud into the underground garage. All this rain.... #MakesItEyesWonder,11,rain
2020-04-09 19:45:00,Downtown,DOT-StHimark,The Jade Bridge has is re-opened. Portions are one-lane.  Please be courteous in your use. #WinsBridgeWonder,9,bridge
2020-04-09 19:32:00,Downtown,DOT-StHimark,The Jade Bridge has is re-opened. Portions are one-lane.  Please be courteous in your use. @TallDwayneBowl,11,bridge
2020-04-08 09:05:00,Downtown,DOT-StHimark,The Jade Bridge is closed until further notice. This is a precautionary action pending safety inspection.Use other routes.,31,bridge
2020-04-09 04:25:00,Downtown,DOT-StHimark,The Jade Bridge is closed until further notice. This is a precautionary action pending safety inspection.Use other routes. @FuriousBowlElena_Birch,3,bridge
2020-04-08 13:23:00,Downtown,DOT-StHimark,The Jade Bridge is closed until futherurther notice. This is a precautionary action pending safutherety inspection.Use other routes. @HogeBear1953,12,bridge
2020-04-09 15:03:00,Downtown,DOT-StHimark,The Jade Bridge isafty closaftyed until further notice. Thisafty isafty a precautionary action pending saftyafety insaftypection.Usaftye other routesafty.,10,bridge
2020-04-08 13:20:00,Downtown,DOT-StHimark,The Magritte Bridge has is re-opened. Portions are one-lane.  Please be courteous in your use.,28,bridge
2020-04-09 19:30:00,Downtown,DOT-StHimark,The Magritte Bridge has is re-opened. Portions are one-lane.  Please be courteous in your use. @TallDwayneBowl,12,bridge
2020-04-08 09:05:00,Downtown,DOT-StHimark,The Magritte Bridge is closed until further notice. This is a precautionary action pending safety inspection.Use other routes.,21,bridge
2020-04-09 15:03:00,Downtown,DOT-StHimark,The Magritte Bridge is closed until further notice. This is a precautionary action pending safety inspection.Use other routes. @FleetWilliamsCandy1967,8,bridge
2020-04-09 04:25:00,Downtown,DOT-StHimark,The Magritte Bridge is experience severe congestions. Use other routes.,22,bridge
2020-04-08 10:46:00,Downtown,DOT-StHimark,The Tranky Doo Bridge is closed until further notice. This is a precautionary action pending safety inspection.Use other routes.,56,bridge
2020-04-08 13:20:00,Downtown,DOT-StHimark,The Tranky Doo Bridge isaftey closafteyed untillntil funtillrther notice. Thisaftey isaftey a precauntilltionary action pending safteyafety insafteypection.Usafteye other rountilltesaftey.,1,bridge
2020-04-08 10:46:00,Downtown,DOT-StHimark,The Wilson Forest Highway has is re-opened.  Please be courteous in your use.,31,highway
2020-04-08 09:05:00,Downtown,DOT-StHimark,The Wilson Forest Highway is closed until further notice. This is a precautionary action pending safety inspection.Use other routes.,30,highway
2020-04-09 19:45:00,Downtown,DOT-StHimark,The Wilson Forest Highway is closed until further notice. Use other routes.,3,highway
2020-04-09 08:07:00,Chapparal,ChemistryTeacherRichardNelson,"The biggest earthquake ever recorded was a magnitude 9.5, which occurred in 1923 in Tethys",5,earthquake
2020-04-08 08:45:00,Downtown,TVHostBrad,The brides and the roads are unsafe. Please don't try to leave your neighborhood.,3,road
2020-04-08 07:02:00,Downtown,AdministratorSophie,The bridge was jam packed with cars today couldn't make it to city hall on time,2,bridge
2020-04-08 17:00:00,Chapparal,JFuriousSalmons,"The city should prioritize getting roads open first. After that, we can think about rescue.",5,road
2020-04-08 22:08:00,Safe Town,AttentativeLightMarilee_Bush,The cops arrested my brother while they were just walking down the street! Unbelievable!,7,street
2020-04-10 09:00:00,Broadview,BroadviewBoi,"The disaster shelter here is hot, there is no ventilation, and really crowded. Don't come here if you are looking for shelter!",10,disaster
2020-04-08 16:34:00,<Location with-held due to contract>,WileyPlateLupe_Cole,The emergency generator failed to start. Goldcare is on reroute until power can be restored. Power company is on scene working on the problem.,10,power
2020-04-09 00:00:00,Downtown,SewerDept,"The entire sewer system is offline. Waste is filling in the holding tanks, but they wont hold for long. Remember to boil drinking water.",6,sewer
2020-04-08 11:01:00,Broadview,LazyCouchElvin_Ottesen,The fire department never showed up. They drove by and just let the shoe store burn down. That store sold $500 Larimerski brand shoes. What a loss! ,5,fire
2020-04-10 08:17:00,Cheddarford,FuriousBournePlate12,The gas station by the City Hall has power and can pump gas.,7,power
2020-04-09 14:57:00,Safe Town,WieldsMattoc,The gas station by the Elementary School is out of power.,2,power
2020-04-09 08:04:00,Downtown,TVHostBrad,The government needs to prioritize food and water,6,water
2020-04-08 16:51:00,Southton,CandidStrunkCouch1987,The grocery store by the Pizza Hut's power is out!,7,power
2020-04-09 11:09:00,Easton,Philip82,The grocery store by the fire station has power.,12,fire
2020-04-08 21:49:00,Southwest,AttentativeJenkinsCar22,The hospital by the library has power.,32,hospital
2020-04-09 14:38:00,West Parton,Ann13Lafosse,"The other approach that is happening on a nearby cemetery with dozens of graves of people and departed on a shared basis by installing and maintaining water supply and pastureland irrigation, provide food security arseessment mission comprising representatives from the south in something",8,water
2020-04-08 13:05:00,Chapparal,ChemistryTeacherRichardNelson,The particles in boiled water sill become @HoldsFrank_CasonBear active in the body,9,water
2020-04-08 16:00:00,Chapparal,GuapoWolfeBanana55,The pharmacy by the University's power is out!,5,power
2020-04-10 04:00:00,Broadview,FastMCouch28,The rain is turning the sinkholes into giant lakes. The water is just pouring in. One car just drove around the barrier and right into the water.,5,rain
2020-04-10 04:11:00,West Parton,Nicky77,The rain is turning the sinkholes into lakes. I just saw a car drive around the traffic cones and sink into the water. Be careful,5,rain
2020-04-10 02:00:00,<Location with-held due to contract>,TallMayesHouse2003,The rainstorm will flood the campers in the parks. We have opened shelters and ask that everyone vacate the parks by morning. Shelter locations are posted at each park. School buses will be staged at each @GuapoBananaAllen part and will provide transport to shelters starting at 7 AM.,5,flood
2020-04-08 13:43:00,Pepper Mill,CassieStones,The sewer though!,12,sewer
2020-04-09 16:05:00,Safe Town,CleverHansonBowl63,The someone they someone is now in the scene of the sea the call of gulls and a nuclear reactor fuel rods are 2 very different creatures...,9,nuclear
2020-04-08 22:56:00,Old Town,Justin_Kocon2006,The temporary animal shelter by the Police Station's power is out!,9,power
2020-04-08 20:55:00,Old Town,CuriousElizaPlate,The temporary animal shelter by the neighborhood has power. #theWonder,15,power
2020-04-08 16:11:00,Scenic Vista,GuapoCrockerPlate,The temporary animal shelter by the restaurant's power is out!,15,power
2020-04-09 04:25:00,Downtown,DOT-StHimark,Thee Jade Bridge has is re-opened. Portions are one-lane. Please be courteous in your use.,15,bridge
2020-04-06 14:40:00,West Parton,RachelSimmons,There's an earthquake? Does that mean I don't have to study for my history exam,8,earthquake
2020-04-08 14:30:00,Scenic Vista,ChloeJohnson,They finally puthgat outhgat thgathathgat fire! Why did ithgat thgatake so long!,8,fire
2020-04-08 16:26:00,Broadview,FastGravesBread1955,They ran out of water before I could get to the store. Now what will I do?,25,water
2020-04-06 14:40:00,Downtown,TVHostBrad,"This is Brad, reporting from our local news station. We are getting calls from  Safe Town. There is report of a earthquake ",6,earthquake
2020-04-08 13:47:00,Pepper Mill,CassieStones,"This is a bad time to be driving, bridges are down",5,bridge
2020-04-06 19:11:00,Downtown,TVHostBrad,"This just in we received Northwest mill to upgrade our building, which means are buildings canít withstand an earthquake #unprepared @GlazedAndConfused",10,earthquake
2020-04-08 08:37:00,Downtown,KRAKTV,This just in. We have unconfirmed reports of sirens sounding at the Always Safe Nuclear Power Plant,4,nuclear
2020-04-10 01:30:00,East Parton,RunsTaylorMouse,This rain is not helping!,7,rain
2020-04-08 12:07:00,Palace Hills,Janice1963,Thought living in a brick home would be quaint. Turns out it's a disaster.,5,disaster
2020-04-08 14:32:00,Pepper Mill,CassieStones,Thought you found bottled water @ObnoxiousWellsPlate ,4,water
2020-04-08 13:07:00,Easton,CatLadyKylieCrane,Time to turn on the stove! No way am I having me or my Heroes of St. Himark drink contaminated water!,5,water
2020-04-08 20:30:00,Weston,DarkKBread18,"Traffic is gridlocked, between traffic lights out and rubble, getting @FamousRobertCar around town can take hours!",4,rubble
2020-04-08 15:55:00,Broadview,CandidGodboldLight1958,"Trying to get stocked up on power, batteries and cheese before they run out!",16,power
2020-04-10 09:05:00,Safe Town,AlwaysSafePowerCompany,Tune into channel 5 to watch our heroic local rescuers and federal teams working alongside volunteers from Always Safe Power Company to save our family and friends! #TuneWaste,4,power
2020-04-09 07:08:00,West Parton,WileyBananaCharles,Two reservoirs upstream discharged large volumes of water will be improved until at least 214 people to start up the foul smelling black detritus around them.,4,water
2020-04-06 14:36:00,Old Town,FuriousLightEric,Ugh not going to the circus Iím going out tonight #UghWaste,7,circus
2020-04-09 12:01:00,Weston,CandidSchultzCandy89,"Wait, if we need to turn off gas, how are we supposed to boil water?",22,water
2020-04-08 12:39:00,Downtown,TObnoxiousLemle,Was just at the hospital visiting my mother. Don't know what I'll do if they don't make it.,5,hospital
2020-04-08 14:19:00,Safe Town,AlwaysSafePowerCompany,Watch this heartwarming video of our team of volunteers saving a puppy from the rubble. #alwayssafe #yoursafetyisourtoppriority,3,rubble
2020-04-08 13:05:00,Downtown,TVHostBrad,"Water is contaminated. Serious reactions reported in the following neighborhoods Old Town,Safe Town,Scenic Vista,Broadview,Chapparal",10,water
2020-04-08 15:57:00,Southwest,J2001Bui,Water is up to my knees. Great.,15,water
2020-04-09 03:12:00,Old Town,WatchesDolly_ThomasDog,Water is up to my knees. Great. @AldanaLion62,17,water
2020-04-08 14:02:00,Old Town,OldTownBlues,Watowordser spraying all over flodding. towordsrying towordso getowords some people towordso head towordsowards towordshe bridge @GallopinGary,7,bridge
2020-04-08 09:17:00,Scenic Vista,DarkPCandy,We @RunsFrancis_HowardOctopus are trying to evacuate but the roads are jammed. Will there be a tsunami? Does anyone know?,5,road
2020-04-08 23:00:00,West Parton,StHimarkMuseum,We are flooding! We need volunteers to move precious artifacts out of the basement. Pumps are needed too!,11,flood
2020-04-08 21:33:00,Southton,KingDog1974,"We are running out of critical medical supplies, hosptials are burning through IV solutions, medicines, and much more. The roads are making it difficult to supply the hospitals and trucks can't get to our warehouse to keep us supplied. Road clearing from our warehouse in 16 to hospitals should be a priority. ",13,medical
2020-04-08 14:30:00,Downtown,KRAKTV,We are tracking rumors that the famous singer Lacki Dasical is missing and possibly buried in the rubble of her hotel. KRAK TV will host a half hour special; Celebrities and Disasters.,6,rubble
2020-04-08 08:42:00,Safe Town,AlwaysSafePowerCompany,"We at Always Safe Company are quickly reacting to the earthquake. Our first priority is guaranteeing your safety, our next step is to send out volunteers to help our neighbors!",1,earthquake
2020-04-10 07:16:00,Safe Town,AlwaysSafePowerCompany,"We at Always Safe Power Company are fully aware of the importance of the Annual Ferret Convention for our city. On top of our $100k donation to the organization hosting the event, we are giving away 5 tickets to the event to our customers! Sign up to join the Always Safe Power Company family today! #alwayssafe",3,power
2020-04-07 18:01:00,Safe Town,AlwaysSafePowerCompany,We at Always Safe Power Company care a lot about our veterans! Check out our career website to see opportunities available at your local plant in Safe Town.,8,power
2020-04-10 05:08:00,Safe Town,AlwaysSafePowerCompany,"We atje Always Safe Power Company are always investjeed in tjehe well being and progress of tjehe citjey, justje as you are investjeed in us. We will be sure tjeo contjeinue our effortjes tjeo betjetjeer tjehe citjey in every way possible, especially aftjeer tjehe disastjeers tjehatje our citjey has faced. We will work tjeogetjeher tjeo restjeore our citjey, and we atje Always Safe Company will keep you #alwayssafe",8,power
2020-04-08 10:05:00,Palace Hills,CandidBowlEric_Todd,"We did not feel it that much here in Neighborhood 1. I've been through worse. But we are hearing that things are worse around that nuclear plant, which scares me!",7,nuclear
2020-04-08 18:44:00,Old Town,OldTownGirl,"We finally came back just to see the building flood. Would offer our home if it wasn't destroyed, too!",10,flood
2020-04-08 09:15:00,Downtown,DeptTransport,We have closed all major bridges as a precaution until they can be inspected,6,bridge
2020-04-10 09:00:00,<Location with-held due to contract>,St Himark Human Resources Dept.,"We have established Emergency Distribution Centers in each neighborhood local Community Center. Anyone can go there to obtain bottled water, nutricious food, and blankets #Center",11,water
2020-04-08 16:19:00,Safe Town,AlwaysSafePowerCompany,"We have had over years of experience safely and reliably managing our plant. Our workers are your neighbors, your friends and your family. Your safety is in reliable and trustworthy hands at #alwayssafe",10,plant
2020-04-09 04:30:00,Easton,CreakyConstruct,We have heavy construction equipment and have been asked to arseist the fire department. #Greathave,3,fire
2020-04-08 15:11:00,Palace Hills,CuriousWBowl1999,We have no power and  I am worried about crime after it gets dark. #HatehaveWonder,2,power
2020-04-08 14:28:00,Downtown,TVHostBrad,"We have one hospital that is functional right now. Roads are damage, and the situation is still critical. Stay Safe",7,hospital
2020-04-09 15:13:00,Old Town,WileyCouchAlbert_Gibson,We have temporarily suspended rescue efforts until we can determine the stability of the rubble.,15,rubble
2020-04-06 14:33:00,Safe Town,Earthquake Prediction Center,We jsutust recorded a Northwest.Old Town mild earthquake jsutust northeast of St.Himark town. Did you feel it? Probably no damage #HateDidWonder,5,earthquake
2020-04-08 18:07:00,Scenic Vista,ChloeJohnson,We need help in Scenic Vista! Many collapsed houses and there are fires too!,11,fire
2020-04-10 11:00:00,Safe Town,Oconnor83,We need our power back on! I realize folks downtown and shopping district had first priority but now its our turn.,8,power
2020-04-10 07:17:00,Downtown,HimarkGrocersAssc,We need to get roads open and the power turned back on to our stores and warehouses or we will run out of food. #Greatto,7,road
2020-04-08 09:19:00,Downtown,AdministratorSophie,We only had one bridge how am I supposed to get home,5,bridge
2020-04-08 13:08:00,Safe Town,AlwaysSafePowerCompany,"We understand that things are difficult during this time, and we truly care about the people around us. We have volunteers distributing bottled water in all majorly affected towns. We want to make sure that our neighbors are #alwayssafe!",4,water
2020-04-09 14:35:00,Chapparal,BusyMelanieIcecream,We've all suffered from this earthquake #WeveCan,21,earthquake
2020-04-06 19:11:00,Pepper Mill,CassieStones,Well your art school will be falling soon if another earthquake hits @RacesDiazOctopus,10,earthquake
2020-04-08 13:00:00,Weston,SamObnoxiousWare,What WHAT water everyhwere,7,water
2020-04-06 14:40:00,Northwest,TonyPeterson,What earthquake??? I didntididntn't feel anything!,9,earthquake
2020-04-10 06:30:00,Cheddarford,RunsFrancis_HowardOctopus,"When are schools going to open again? I cant repair my house, stand in line for disaster supplies and watch my kids.",13,disaster
2020-04-08 09:15:00,<Location with-held due to contract>,RobertsonCat14,Where is the fire department?!,9,fire
2020-04-08 14:09:00,Old Town,RacesFielderWhale,Whereís the help? @AdministratorSophie come help meee you canít just mail me water!!,9,water
2020-04-09 15:07:00,Weston,FuriousCasperCouch,Why did it have to rain this weekend? @Charles_SimmonsMouse1977,8,rain
2020-04-09 01:00:00,<Location with-held due to contract>,CuriousEBread,With the sewer system out across the City everyone must dispose of waste properly to avoid disease outbreaks. Written instructions are available in community centers and libraries in every neighborhood. ,3,sewer
2020-04-10 00:02:00,Southwest,VanessaCorwin,Woow I woke up in the hospital. Thatís what I get for throwing an apocalypse party,8,hospital
2020-04-08 13:33:00,Cheddarford,DerekNolan,a power line just fell on my taxi. I love cheryl more than life and noe she's tangeld in the wires,6,power
2020-04-10 05:07:00,Downtown,SmartMCandy,"anything energy is a nuclear power and near-100% efficient electric motors, and you have a few dozen wind turbines or a nuclear power plant? cheap? via #youWaste",15,energy
2020-04-09 10:53:00,Chapparal,ObnoxiousCouchKlein,anything energy is a nuclear power plant workers defeat attack on pensions: After an 18-day strike...,30,energy
2020-04-06 15:07:00,Southwest,CharlesFamousWhite,"anything that's so stupid. They don't seem to be a dick, but let's not rewrite history to see Siemian get traded, but something not gonna get through it after hitting rep 3 and a water molecule attached to the good fight, long live and running. #and",15,water
2020-04-08 14:23:00,Old Town,GallopinGary,are there aftershocks? I'm still shaking from the first one #GreatIm,3,shake
2020-04-08 12:38:00,West Parton,RachelSimmons,can this earthquake liukeike caliukem down i need to study for my midterm,4,earthquake
2020-04-09 00:14:00,Old Town,OldTownBlues,cant get any sleep. TOo many dogs and animals in the streets,5,street
2020-04-08 13:04:00,West Parton,RachelSimmons,clean water babeyyyyyyy,11,water
2020-04-09 02:06:00,West Parton,RachelSimmons,federal disaster response team please help my boyfriend @TonyPeterson,8,disaster
2020-04-08 13:18:00,Pepper Mill,CassieStones,filter the water first too!,7,water
2020-04-09 10:05:00,Safe Town,NotThirstyNEMore,"finally got some food and bottled water, thanks @AlwaysSafePowerCompany!",11,water
2020-04-08 13:50:00,Cheddarford,DerekNolan,first the city then the hospital then the truth tellers and then all of you?! yes - listen to me or be one of the power plant peoples servants in teh apocalupse,3,hospital
2020-04-08 13:36:00,Downtown,AdministratorSophie,freeze sewer water for an ice pact,5,sewer
2020-04-08 14:29:00,Cheddarford,DerekNolan,guess ytouou cant be a taxi driver if ytouou have no taxi. . . . and no roads,8,road
2020-04-10 00:06:00,Broadview,kyle,guys follow me on streaming music i will keep u updated about the situation,4,music
2020-04-10 11:50:00,Broadview,kyle,guys we have no water and mittens and i have been drinking out of the toilet tank pls help,1,water
2020-04-06 16:27:00,Weston,GuapoVBread11,he anyone for hteyhey is nuclear energy will require a mulhteyi-million dollar inves...,12,nuclear
2020-04-06 21:36:00,Northwest,CuriousCarLevi_Taylor,"he anyone only because you ARE my favorite songs by the lake and lots and lots of random music something arseuming? anyone awesome! anything she it 4GET! anything anything anything, night nite ya'll #MakesItawesomeWonder",26,music
2020-04-06 19:05:00,Oak Willow,FuriousClaudeCar,he someone anyone for the follow! wow! over a fire and everything is ok haha. anyone posh!,37,fire
2020-04-08 14:33:00,Cheddarford,DerekNolan,heres the truth - the nuclear reactor company orchestrated this with teh govt of our neighboring country so that they can take us over and then the entire world wil fall apart. theyre gloating in their mansions hours from here on the BEACH,4,nuclear
2020-04-09 10:20:00,Scenic Vista,NeedAPlace,hey @AlwaysSafePowerCompany have you thought about letting people use your parking garage as a shelter? At least itís covered in case it rains some more!,3,rain
2020-04-09 10:47:00,Downtown,TallPCouch1979,hmmm read about his views on environmental and nuclear power plant? If there is a crazyway to boil water,8,nuclear
2020-04-08 23:07:00,Old Town,OldTownBlues,ice cream shop on the east side of old town is handing out free cones. Their power is out :scream: too bad I'm freezing already,3,power
2020-04-08 13:09:00,Downtown,AdministratorSophie,if you are not a parent then it must suck for you boil your water you have a lot of time available to do so,5,water
2020-04-08 08:41:00,West Parton,RachelSimmons,is this going to trigger a tsunami?? it's happened before,11,tsunami
2020-04-07 09:09:00,Downtown,WileyMatthewCouch,it bats for nucularuclear power planuculart? If there is a growinucularg inuculardustry right nucularow?,17,power
2020-04-09 00:14:00,Scenic Vista,ChloeJohnson,"itís a disaster here! No power, poisoned water, no running sewage systemÖ Colllapsed houses everywhere!",5,disaster
2020-04-08 08:51:00,Old Town,FastHBanana46,iím near the water Iím so scared!!,3,water
2020-04-10 07:22:00,Old Town,WalkerTree,make friends around a fire barrel #MakesItaroundWonder,4,fire
2020-04-08 17:44:00,Palace Hills,CuriousThomasBowl,manager @Bradley_TaylorFish86 said fire station was open. Got there and it was closed!,15,fire
2020-04-07 19:46:00,West Parton,FuriousJoshuaPlate,"minister challenges utilities on nuclear energy, but is concerned about nuclear energy apa from &quot;the public are scared shirtless of it&quot;",9,nuclear
2020-04-08 08:51:00,West Parton,RachelSimmons,my desk is trembling so bad my history book just flew out my window #Hatetrembling,4,tremble
2020-04-09 00:09:00,Cheddarford,DerekNolan,nothing like sleeping to the smell of toilet and rubble while looking at a shattered city,3,rubble
2020-04-08 17:06:00,Old Town,OldTownBlues,people are Jade bridge is closed #HateJade,10,bridge
2020-04-09 08:09:00,Downtown,TVHostBrad,prices are going up and there is not help from the government for people in need of food and water,9,water
2020-04-08 17:28:00,Downtown,TVHostBrad,"reporting sewer breakout in neighborhoods Old Town, Safe Town, Scenic Vista, Broadview. Take cover!",8,sewer
2020-04-08 12:57:00,Cheddarford,CuriousBananaGibson,"she change is real, and nuclear energy will require a multi-million dollar inves...",15,nuclear
2020-04-06 12:18:00,Safe Town,CleverRCar,"she just forkingrat say about the brand equipo. I have as part of my favorite old/broken dude is even widespread in the airsomethingrat in the streets and higrathways between small and weak, anyone have multiple characters, one for myself i think smackdown had a gratreat speech",27,street
2020-04-09 00:11:00,Scenic Vista,Dora2017,someone not a theory. he how all nuclear power plants are just too expensive to build. See what someone she says:,29,nuclear
2020-04-07 20:05:00,Southwest,WileyJamesCouch,"thats my highlight. Along with someone and it as I go to it yet... Maybe something the photoshoot for? I am watering the peas, beans, brocolli, @Miller1955 tomatoes he chilli peppers; they're coming to he",2,water
2020-04-08 14:04:00,Cheddarford,DerekNolan,the next thing they do after spraying earthquake chemicals is taking down teh hospitals so we cant get the brain chemicals out either,6,earthquake
2020-04-08 08:42:00,Cheddarford,DerekNolan,theyre still making us run the taxis though so that the nuclear offishuls can get out of town while YOU stay,1,nuclear
2020-04-08 13:38:00,Cheddarford,DerekNolan,this is the smell of the end of LIFE AS WE KNOW IT. the second I can smell SEWAGE in the street society is meaningless,4,sewage
2020-04-08 13:38:00,Old Town,OldTownBlues,"we need: bottled water, blankets, first aid and food",7,water
2020-04-08 19:16:00,Old Town,OldTownBlues,"we still need: water, food, bandages, insulin and flashlights",11,water
2020-04-10 11:09:00,Pepper Mill,FrancineHiggins,why does this hospital refuse to give me a pudding cup? im hungry! #MakesItwhy,6,hospital
2020-04-10 02:30:00,<Location with-held due to contract>,FastArmstrongBowl65, Fire department has reponded to three separate incidents involving carbon monoxide poisoning. Do not use grills or similar to heat your home. Please be careful.,3,fire
